targetid,genotype
4458892,SE_ABI01
4463534,SE_ABI01
4458846,SE_ABI03
4458854,SE_ABI05
4463516,SE_ABI05
4458868,SE_ABI17
4458886,SE_ABI19
4463529,SE_ABI19
4458869,SE_ABI29
4458840,SE_ABI37
4458848,SE_ABI45
4458857,SE_ABI47
4458880,SE_ABI49
4458888,SE_ABI53
4458849,SE_ABI55
4458871,SE_ABI65
4458881,SE_ABI71
4458842,SE_ABI83
4458883,IS_AKU51
4463526,IS_AKU51
4458860,IS_AKU52
4463519,IS_AKU52
4458852,IS_AKU53
4458851,IS_AKU57
4458896,IS_AKU60
4463538,IS_AKU60
4458882,IS_AKU61
4458865,IS_AKU73
3363105,AT_AGK1
3362246,AT_AGR2
3363090,AT_AGR4
3363098,AT_AGR6
3363106,AT_AGR7
3363114,AT_AGR8
3363122,AT_AGR9
3363113,AT_AOZ2
3388244,AT_AOZ2
3388245,AT_APK1
3362317,AT_APK4_rep1
3362325,AT_APK4_rep2
3388248,AT_AWH1
3363161,AT_AWH2
3363351,AT_AWH2
3388249,AT_AWH4
3362238,AT_AWH5
3363283,AT_AWH5
3363177,AT_AWH6
3388250,AT_AWH6
3362254,AT_AZb1
3363121,AT_Asd3
3362262,AT_Egr1
3363201,AT_Egr2
3363209,AT_Egr3
3363217,AT_Egr4
3363225,AT_Egr5
3362793,BA_Bos1
3362810,BA_Bos10
3362818,BA_Bos11
3362826,BA_Bos12
3362834,BA_Bos13
3362842,BA_Bos14
3362850,BA_Bos15
3363325,BA_Bos15
3362858,BA_Bos16
3362866,BA_Bos17
3362874,BA_Bos18
3362882,BA_Bos19
3362714,BA_Bos2
3362890,BA_Bos20
3362300,BA_Bos24
3362722,BA_Bos3
3362730,BA_Bos4
3362738,BA_Bos5
3362746,BA_Bos6
3363324,BA_Bos7
3362762,BA_Bos8
3362802,BA_Bos9
3362721,BY_Bel1
3362785,BY_Bel10
3362729,BY_Bel2
3362737,BY_Bel3
3362253,BY_Bel4
3362745,BY_Bel5
3363323,BY_Bel6
3362753,BY_Bel6
3388240,BY_Bel7
3362769,BY_Bel8
3362777,BY_Bel9
3362969,CA_CBC1
3362869,EE_Tln1
3362846,EE_Tln11
3362854,EE_Tln12
3363329,EE_Tln12
3362862,EE_Tln13
3362870,EE_Tln14
3362878,EE_Tln15
3362886,EE_Tln16
3362894,EE_Tln17
3362807,EE_Tln18
3362316,EE_Tln19
3362877,EE_Tln2
3362815,EE_Tln20
3362324,EE_Tln21_rep1
3362823,EE_Tln21_rep2
3362831,EE_Tln22
3362885,EE_Tln3
3362893,EE_Tln4
3362806,EE_Tln5
3362814,EE_Tln6
3362822,EE_Tln7
3362830,EE_Tln8
3362838,EE_Tln9
3362460,ES_CNP1
3362429,ES_CNP10
3362437,ES_CNP11
3363300,ES_CNP12
3362445,ES_CNP12
3362453,ES_CNP13
3362461,ES_CNP14
3362469,ES_CNP15
3362477,ES_CNP16
3362244,ES_CNP17
3362485,ES_CNP18
3362493,ES_CNP19
3362468,ES_CNP2
3362501,ES_CNP20
3362476,ES_CNP3
3362484,ES_CNP4
3362492,ES_CNP5
3362500,ES_CNP6
3362252,ES_CNP7
3362508,ES_CNP8
3362778,ES_CNP9
4458861,NO_FIN01
4463520,NO_FIN01
4458866,NO_FIN02
4463524,NO_FIN03
4458874,NO_FIN03
4463527,NO_FIN04
4458884,NO_FIN04
4458891,NO_FIN05
4463533,NO_FIN05
4458873,NO_FIN07
4463523,NO_FIN07
4463532,NO_FIN08
4458890,NO_FIN08
4458898,NO_FIN09
4463540,NO_FIN09
4463513,NO_FIN11
4458859,NO_FIN14
4463518,NO_FIN14
4458889,NO_FIN20
4463531,NO_FIN20
4463539,NO_FIN21
4458897,NO_FIN21
4458841,NO_FIN24
4463522,NO_FIN26
4458864,NO_FIN26
4458850,NO_FIN27
4458858,NO_FIN28
4458872,NO_FIN29
4463512,NO_FIN31
3362490,FI_Sav1
3362475,FI_Sav10
3362483,FI_Sav11
3362491,FI_Sav13
3362499,FI_Sav14
3362507,FI_Sav15
3362515,FI_Sav16
3362237,FI_Sav17_rep1
3363282,FI_Sav17_rep1
3362245,FI_Sav17_rep2
3362428,FI_Sav17_rep3
3362436,FI_Sav18
3362444,FI_Sav19
3363299,FI_Sav19
3362498,FI_Sav2
3362452,FI_Sav20
3362506,FI_Sav3_rep1
3362514,FI_Sav3_rep2
3362427,FI_Sav4
3362435,FI_Sav5
3362443,FI_Sav6
3363298,FI_Sav6
3362451,FI_Sav7
3362459,FI_Sav8
3362467,FI_Sav9
3363100,FR_CFP1
3363108,FR_CFP2
3363116,FR_CFP3
3363124,FR_CFP4
3363132,FR_CFP5
3362276,FR_FdM0
3363130,FR_FdM1
3363107,FR_FdM10
3363115,FR_FdM11
3363123,FR_FdM12
3363131,FR_FdM13
3363139,FR_FdM14
3363147,FR_FdM15
3363155,FR_FdM16
3363163,FR_FdM17
3363353,FR_FdM17
3363171,FR_FdM18
3363179,FR_FdM19
3363138,FR_FdM2
3363092,FR_FdM20
3363146,FR_FdM3
3363154,FR_FdM4
3363162,FR_FdM5
3363352,FR_FdM5
3363170,FR_FdM6
3363178,FR_FdM7
3363091,FR_FdM8
3363099,FR_FdM9
3362945,FR_FoV1
3362985,IE_GoG1
3362301,IN_HHP0
3362840,IN_HHP1
3362809,IN_HHP10
3362309,IN_HHP11
3362848,IN_HHP3
3362856,IN_HHP4
3363331,IN_HHP4
3362864,IN_HHP5
3362872,IN_HHP6
3362832,IN_HHP7_rep1
3362880,IN_HHP7_rep2
3362888,IN_HHP8
3362509,IS_Por1
3363253,IT_BPP1
3363261,IT_BPP2
3363269,IT_BPP3
3363364,IT_BPP3
3363195,IT_MoP1
3363267,IT_MoP10
3363362,IT_MoP10
3363275,IT_MoP11
3363203,IT_MoP2
3363211,IT_MoP3
3363219,IT_MoP4
3363227,IT_MoP5
3363235,IT_MoP6
3363243,IT_MoP7
3363251,IT_MoP8
3363259,IT_MoP9
3363189,IT_PaC1
3363197,IT_PaC2
3363205,IT_PaC3
3363213,IT_PaC4
3363221,IT_PaC5
3363229,IT_PaC6
3363237,IT_PaC7
3363245,IT_PaC8
3363188,IT_PdO1
3363252,IT_PdO10
3363260,IT_PdO11
3363363,IT_PdO12
3363268,IT_PdO12
3363196,IT_PdO3
3363204,IT_PdO4
3363212,IT_PdO5
3363220,IT_PdO6
3363228,IT_PdO7
3363236,IT_PdO8
3363244,IT_PdO9
3362977,JA_MHI1
4464858,IS_KEM01
4467843,IS_KEM01
4458818,IS_KEM01
4463499,IS_KEM01
4464864,IS_KEM02
4467849,IS_KEM02
4458824,IS_KEM02
4458809,IS_KEM04
4463493,IS_KEM04
4467834,IS_KEM04
4464849,IS_KEM04
4464866,IS_KEM05
4463504,IS_KEM05
4467851,IS_KEM05
4458826,IS_KEM05
4458836,IS_KEM06
4467833,IS_KEM07
4458808,IS_KEM07
4463492,IS_KEM07
4458837,IS_KEM08
4463510,IS_KEM08
4458831,IS_KEM10
4458816,IS_KEM11
4467841,IS_KEM11
4464856,IS_KEM11
4464863,IS_KEM12
4458823,IS_KEM12
4467848,IS_KEM12
4458829,IS_KEM13
4463507,IS_KEM13
4463508,IS_KEM16
4458830,IS_KEM16
4464857,IS_KEM17
4463498,IS_KEM17
4467842,IS_KEM17
4458817,IS_KEM17
4458832,IS_KEM20
4458877,FI_KEV05
4463535,FI_KEV15
4458893,FI_KEV15
4458867,FI_KEV17
4458863,FI_KEV19
4463521,FI_KEV19
4458885,FI_KEV21
4463528,FI_KEV21
4458875,FI_KEV31
4458845,FI_KEV35
4463514,FI_KEV35
4458838,FI_KEV45
4463530,FI_KEV57
4458887,FI_KEV57
4458878,FI_KEV59
4463525,FI_KEV59
4463517,FI_KEV64
4458855,FI_KEV64
4458839,FI_KEV65
4463511,FI_KEV65
4458847,FI_KEV68
4463515,FI_KEV68
4458870,FI_KEV69
4458856,FI_KEV70
4458895,FI_KEV71
4463537,FI_KEV71
4463536,FI_KEV73
4458894,FI_KEV73
4458879,FI_KEV78
3363273,KG_Ala12
3363186,KG_Ala13
3363194,KG_Ala15
3363202,KG_Ala18
3363210,KG_Ala21
3363218,KG_Ala22
3363226,KG_Ala23
3363234,KG_Ala24
3363242,KG_Ala25
3363250,KG_Ala26
3363258,KG_Ala28
3363266,KG_Ala29
3363361,KG_Ala29
3363233,KG_Ala3
3363274,KG_Ala30
3363187,KG_Ala31
3363241,KG_Ala4
3363249,KG_Ala6
3363257,KG_Ala7
3362319,KG_Ala8
3363360,KG_Ala9
3363265,KG_Ala9
3362812,KZ_TiS1
3362868,KZ_TiS10
3362876,KZ_TiS11
3362884,KZ_TiS12
3362892,KZ_TiS13
3362805,KZ_TiS14
3362813,KZ_TiS15
3362821,KZ_TiS16
3362829,KZ_TiS17_rep1
3362837,KZ_TiS17_rep2
3362845,KZ_TiS18
3363328,KZ_TiS19
3362853,KZ_TiS19
3362861,KZ_TiS20
3362820,KZ_TiS3
3362828,KZ_TiS4
3362261,KZ_TiS5_rep1
3362269,KZ_TiS5_rep2
3362836,KZ_TiS6
3362844,KZ_TiS7
3363327,KZ_TiS8
3362852,KZ_TiS8
3362860,KZ_TiS9
3362863,LY_EGM1
3362268,LY_EGM2
3362839,LY_SGM1
3362847,LY_SGM2
3362260,LY_SGM3_rep1
3362284,LY_SGM3_rep2
3362855,LY_SGM4
3363330,LY_SGM4
3362879,LY_WGM1
3362292,LY_WGM2
3362871,LY_WGM3
4458834,GL_MEH106
4463496,GL_MEH107
4458814,GL_MEH107
4467839,GL_MEH107
4464854,GL_MEH107
4467844,GL_MEH108
4463500,GL_MEH108
4464859,GL_MEH108
4458819,GL_MEH108
4464855,GL_MEH111
4463497,GL_MEH111
4467840,GL_MEH111
4458815,GL_MEH111
4463501,GL_MEH115
4467845,GL_MEH115
4458820,GL_MEH115
4464860,GL_MEH115
4458853,GL_MEH122
4458862,GL_MEH136
4458876,GL_MEH139
4464867,GL_NUU06
4458827,GL_NUU06
4467852,GL_NUU06
4463505,GL_NUU06
4467837,GL_NUU07
4463495,GL_NUU07
4463503,GL_NUU08
4458825,GL_NUU08
4464865,GL_NUU08
4467850,GL_NUU08
4467830,GL_NUU12
4458805,GL_NUU12
4464845,GL_NUU12
4464868,GL_NUU13
4463506,GL_NUU13
4467853,GL_NUU13
4458828,GL_NUU13
4463494,GL_NUU16
4467835,GL_NUU16
4458810,GL_NUU16
4464850,GL_NUU16
4464853,GL_NUU26
4458813,GL_NUU26
4467838,GL_NUU26
4467847,GL_NUU29
4463502,GL_NUU29
4467832,GL_NUU31
4463491,GL_NUU31
4458807,GL_NUU31
4458811,GL_NUU32
4464851,GL_NUU32
4467836,GL_NUU32
4467846,GL_NUU33
4458821,GL_NUU33
4464861,GL_NUU33
4458806,GL_NUU34
4467831,GL_NUU34
4463490,GL_NUU34
4463509,GL_NUU35
4458833,GL_NUU35
4458835,GL_NUU37
3362824,PK_HSM14
3362277,PK_HSM17_rep1
3362285,PK_HSM17_rep2
3362293,PK_WHS16
3362914,RU_Alt1
3362986,RU_Alt10
3362899,RU_Alt11
3362270,RU_Alt12
3362907,RU_Alt13
3362915,RU_Alt14
3362923,RU_Alt15
3362931,RU_Alt16
3388243,RU_Alt17
3362947,RU_Alt18
3362955,RU_Alt19
3363335,RU_Alt19
3362922,RU_Alt2
3362963,RU_Alt20
3362930,RU_Alt3
3362938,RU_Alt4
3362946,RU_Alt5
3362954,RU_Alt6
3363334,RU_Alt6
3362962,RU_Alt7
3362970,RU_Alt8
3362978,RU_Alt9
3362971,RU_KhM1
3362940,RU_KhM10
3362948,RU_KhM11
3362956,RU_KhM12
3363336,RU_KhM12
3362964,RU_KhM13
3362972,RU_KhM14
3362980,RU_KhM15
3362979,RU_KhM2
3362278,RU_KhM3
3362987,RU_KhM4
3362900,RU_KhM5
3362908,RU_KhM6
3362916,RU_KhM7
3362924,RU_KhM8
3362932,RU_KhM9
3362286,RU_Kym1_rep1
3362294,RU_Kym1_rep2
3362988,RU_Kym3
3363032,RU_MLA1
3363009,RU_MLA10
3363017,RU_MLA11
3363025,RU_MLA12_rep1
3363150,RU_MLA12_rep2
3363033,RU_MLA13
3363041,RU_MLA14
3363049,RU_MLA15
3363057,RU_MLA16
3363342,RU_MLA16
3363065,RU_MLA18
3363040,RU_MLA2
3363048,RU_MLA3
3363341,RU_MLA4
3363056,RU_MLA4
3363064,RU_MLA5
3363072,RU_MLA6
3363080,RU_MLA7
3362993,RU_MLA8
3363001,RU_MLA9
3363339,RU_MUP1
3362959,RU_MUP1
3362944,RU_MUP10
3362952,RU_MUP11
3363340,RU_MUP12
3362960,RU_MUP12
3362968,RU_MUP13
3362976,RU_MUP14
3362318,RU_MUP15
3362984,RU_MUP16
3362992,RU_MUP17
3363000,RU_MUP18
3363008,RU_MUP19
3362967,RU_MUP2
3363016,RU_MUP20
3363024,RU_MUP21
3362975,RU_MUP3
3362983,RU_MUP4
3362904,RU_MUP5
3362912,RU_MUP6
3362920,RU_MUP7
3362928,RU_MUP8
3362936,RU_MUP9
3362965,RU_Mag10
3362973,RU_Mag11
3362981,RU_Mag12
3362302,RU_Mag2
3362909,RU_Mag3
3362917,RU_Mag4
3362925,RU_Mag5
3362933,RU_Mag6
3362941,RU_Mag7
3362949,RU_Mag8
3362957,RU_Mag9
3363337,RU_Mag9
3362989,RU_Mez1
3363338,RU_Mez10
3362958,RU_Mez10
3362966,RU_Mez11_rep1
3362974,RU_Mez11_rep2
3362982,RU_Mez12
3362990,RU_Mez13
3362903,RU_Mez14
3362911,RU_Mez15
3362919,RU_Mez16
3362927,RU_Mez17
3362935,RU_Mez18
3362943,RU_Mez19
3362902,RU_Mez2
3362951,RU_Mez21
3362910,RU_Mez3
3362918,RU_Mez4
3362926,RU_Mez5
3362934,RU_Mez6
3362942,RU_Mez7
3362310,RU_Mez8
3362950,RU_Mez9
3363050,RU_NUS10
3363343,RU_NUS11
3363058,RU_NUS11
3363066,RU_NUS12
3363074,RU_NUS13
3363082,RU_NUS14
3362239,RU_NUS15
3363284,RU_NUS15
3362995,RU_NUS16
3363003,RU_NUS17
3363011,RU_NUS18
3363019,RU_NUS19
3363073,RU_NUS1_rep1
3363081,RU_NUS1_rep2
3362994,RU_NUS3
3363002,RU_NUS4
3363010,RU_NUS5
3363018,RU_NUS6
3363026,RU_NUS7
3363034,RU_NUS8
3363042,RU_NUS9
3363043,RU_Pal11
3363051,RU_Pal12
3363344,RU_Pal13
3363059,RU_Pal13
3363067,RU_Pal14
3363075,RU_Pal15
3363083,RU_Pal16
3362247,RU_Pal18
3362996,RU_Pal19
3363004,RU_Pal20
3363027,RU_Pal4
3363035,RU_Pal5
3362937,RU_Pet1
3363012,RU_PoU1
3363084,RU_PoU10
3362997,RU_PoU11
3363005,RU_PoU12
3363013,RU_PoU13
3363021,RU_PoU14
3363029,RU_PoU15
3363037,RU_PoU16
3363045,RU_PoU17
3362255,RU_PoU18_rep1
3362263,RU_PoU18_rep2
3363053,RU_PoU19
3363020,RU_PoU2
3363061,RU_PoU20
3363346,RU_PoU20
3363028,RU_PoU3
3363036,RU_PoU4
3363044,RU_PoU5
3363052,RU_PoU6
3363060,RU_PoU7
3363345,RU_PoU7
3363068,RU_PoU8
3363076,RU_PoU9
3363062,RU_PrA10
3363347,RU_PrA10
3363054,RU_PrA11
3363014,RU_PrA2
3363022,RU_PrA4
3362287,RU_PrA5
3363030,RU_PrA6
3363038,RU_PrA7
3363046,RU_PrA8
3363006,RU_PrO11
3362279,RU_PrO12
3363069,RU_PrO2
3363077,RU_PrO3
3362271,RU_PrO4
3363085,RU_PrO8
3362998,RU_PrO9
3362295,RU_SUZ1
3363143,RU_SUZ10
3363151,RU_SUZ11
3363349,RU_SUZ12
3363159,RU_SUZ12
3363095,RU_SUZ3
3363103,RU_SUZ4
3363167,RU_SUZ5
3363111,RU_SUZ6
3363119,RU_SUZ7
3363127,RU_SUZ8
3363135,RU_SUZ9
3362898,RU_SoW1
3362859,RU_Thr12
3362867,RU_Thr14
3362875,RU_Thr17
3362883,RU_Thr18
3362891,RU_Thr19
3362804,RU_Thr20
3362811,RU_Thr3
3362819,RU_Thr4
3362827,RU_Thr6
3362835,RU_Thr7
3362843,RU_Thr8
3363326,RU_Thr9
3362851,RU_Thr9
3363070,RU_Yam1
3363055,RU_Yam10
3363348,RU_Yam11
3363063,RU_Yam11
3363071,RU_Yam12
3363079,RU_Yam13
3363087,RU_Yam14
3363158,RU_Yam15
3363078,RU_Yam2
3362999,RU_Yam3
3363007,RU_Yam4
3363015,RU_Yam5
3363023,RU_Yam6
3363031,RU_Yam7
3363039,RU_Yam8
3363047,RU_Yam9
3362308,SI_Boh1
3363208,SI_Boh10
3363216,SI_Boh11
3363224,SI_Boh12
3363232,SI_Boh13
3363240,SI_Boh14
3363248,SI_Boh15
3363256,SI_Boh16
3363264,SI_Boh17
3363359,SI_Boh17
3363272,SI_Boh18
3363185,SI_Boh19
3363239,SI_Boh2
3363193,SI_Boh20
3363247,SI_Boh3
3363255,SI_Boh4
3363358,SI_Boh5
3363263,SI_Boh5
3363271,SI_Boh6
3363184,SI_Boh7
3363192,SI_Boh8
3363200,SI_Boh9
3363175,TR_Kay1
3363152,TR_Kay10
3363160,TR_Kay11
3363350,TR_Kay11
3363168,TR_Kay12
3363176,TR_Kay13
3363089,TR_Kay14
3363097,TR_Kay15
3363088,TR_Kay2
3363096,TR_Kay3
3363104,TR_Kay4
3363112,TR_Kay5
3363120,TR_Kay6
3363128,TR_Kay7
3363136,TR_Kay8
3363144,TR_Kay9
3362612,UK_AR1
3362684,UK_AR10
3362692,UK_AR11
3362700,UK_AR12
3362620,UK_AR2
3362628,UK_AR3
3362636,UK_AR4
3363309,UK_AR5
3362644,UK_AR5
3362652,UK_AR6
3362660,UK_AR7
3362668,UK_AR8
3362676,UK_AR9
3421084,UK_BE1
3421091,UK_BE10
3421092,UK_BE11
3421093,UK_BE12
3421094,UK_BE13
3421095,UK_BE14
3421096,UK_BE15
3421097,UK_BE16
3362257,UK_BE17
3421098,UK_BE18
3421099,UK_BE19
3421085,UK_BE2
3362273,UK_BE20
3362265,UK_BE3
3388233,UK_BE4
3421086,UK_BE5
3421087,UK_BE6
3226421,UK_BE7
3421155,UK_BE7
3421156,UK_BE8
3226429,UK_BE8
3226437,UK_BE9
3226516,UK_BE9
3362736,UK_BF1
3362713,UK_BF10
3362744,UK_BF2
3362752,UK_BF3
3362760,UK_BF4
3362768,UK_BF5
3362776,UK_BF6
3362784,UK_BF7
3362792,UK_BF8
3362800,UK_BF9
3363306,UK_BG10
3362546,UK_BG10
3362554,UK_BG11
3362562,UK_BG12
3362570,UK_BG13
3362578,UK_BG14
3362586,UK_BG15
3362594,UK_BG16
3362602,UK_BG17
3362610,UK_BG18
3362523,UK_BG19
3362561,UK_BG1_rep1
3362569,UK_BG1_rep2
3362577,UK_BG2
3362531,UK_BG20
3362585,UK_BG3
3362593,UK_BG4
3362601,UK_BG5
3362609,UK_BG6
3362522,UK_BG7
3362530,UK_BG8
3362538,UK_BG9
3362613,UK_BH1
3362685,UK_BH10
3362693,UK_BH11
3362701,UK_BH12
3362621,UK_BH2
3362629,UK_BH3
3362637,UK_BH4
3363310,UK_BH5
3362645,UK_BH5
3362653,UK_BH6
3362661,UK_BH7
3362669,UK_BH8
3362677,UK_BH9
3362415,UK_BP22
3362328,UK_BP23
3362336,UK_BP24
3363286,UK_BP24
3362344,UK_BP25
3362352,UK_BP26
3362360,UK_BP27
3362368,UK_BP28
3362376,UK_BP29
3362384,UK_BP30
3362392,UK_BP31
3362400,UK_BP32
3362408,UK_BP33
3362416,UK_BP34
3362329,UK_BP35
3362337,UK_BP36
3363287,UK_BP36
3362345,UK_BP37
3362353,UK_BP38
3362643,UK_BT101
3362651,UK_BT102
3363316,UK_BT102
3362659,UK_BT103
3362667,UK_BT104
3362675,UK_BT105
3362683,UK_BT106
3362691,UK_BT107
3362699,UK_BT108
3362707,UK_BT109
3362715,UK_BT110
3362503,UK_BoC1
3362464,UK_BoC10
3362511,UK_BoC2
3362243,UK_BoC3
3362251,UK_BoC4
3362424,UK_BoC5
3362432,UK_BoC6
3362440,UK_BoC7
3363295,UK_BoC7
3362448,UK_BoC8
3362456,UK_BoC9
3362887,UK_Bot1
3362895,UK_Bot2
3362803,UK_Bot3_rep1
3362808,UK_Bot3_rep2
3362816,UK_Bot4
3362797,UK_BwG1
3362774,UK_BwG10
3362710,UK_BwG2
3362718,UK_BwG3
3362726,UK_BwG4
3362734,UK_BwG5
3362742,UK_BwG6
3362750,UK_BwG7
3363320,UK_BwG7
3362758,UK_BwG8
3362766,UK_BwG9
3362361,UK_CB39
3362369,UK_CB40
3362517,UK_CD1
3362589,UK_CD10
3362597,UK_CD11
3362605,UK_CD12
3362518,UK_CD13
3362526,UK_CD14
3362534,UK_CD15
3362542,UK_CD16
3362550,UK_CD17
3362558,UK_CD18
3362566,UK_CD19
3362525,UK_CD2
3362574,UK_CD20
3362533,UK_CD3
3363301,UK_CD4
3362541,UK_CD4
3362549,UK_CD5
3362557,UK_CD6
3362565,UK_CD7
3362573,UK_CD8
3362581,UK_CD9
3362258,UK_CFI1
3362472,UK_CrB1
3363296,UK_CrB10
3362441,UK_CrB10
3362480,UK_CrB2
3362488,UK_CrB3
3362259,UK_CrB4
3362496,UK_CrB5
3362504,UK_CrB6
3362512,UK_CrB7
3362425,UK_CrB8
3362433,UK_CrB9
3362626,UK_DH10
3362634,UK_DH11
3362642,UK_DH12
3362650,UK_DH13
3363315,UK_DH13
3362658,UK_DH14
3362666,UK_DH15
3362674,UK_DH16
3362682,UK_DH17
3362690,UK_DH18
3362698,UK_DH19
3362657,UK_DH1_rep1
3362665,UK_DH1_rep2
3362673,UK_DH2
3362619,UK_DH20
3362627,UK_DH21
3362635,UK_DH22
3362681,UK_DH4
3362689,UK_DH5
3362697,UK_DH6
3362705,UK_DH7
3362618,UK_DH8
3362232,UK_FD1A_rep1
3362240,UK_FD1A_rep2
3421061,UK_FD2A
3362272,UK_FD2B
3362264,UK_FD3A
3421062,UK_FD3B
3421063,UK_FD3C
3421149,UK_FD4A
3226419,UK_FD4A
3421150,UK_FD4B
3421065,UK_FD4B
3226427,UK_FD4B
3362248,UK_FD5A
3226435,UK_FD5B
3421151,UK_FD5B
3421067,UK_FD6A
3421068,UK_FD7A
3421069,UK_FD8A
3421070,UK_FD8B
3362256,UK_FD8C
3421071,UK_FD8D
3362280,UK_FD8E
3421072,UK_FD8F
3421073,UK_FD8G
3421074,UK_FD8H
3226422,UK_FI1
3421158,UK_FI1
3421110,UK_FI10
3421111,UK_FI11
3421161,UK_FI12
3226423,UK_FI12
3226431,UK_FI13
3226510,UK_FI13
3226439,UK_FI14
3421163,UK_FI14
3362281,UK_FI15_rep1
3362289,UK_FI15_rep2
3362313,UK_FI18
3226509,UK_FI2
3226430,UK_FI2
3226438,UK_FI3
3421102,UK_FI3
3421160,UK_FI3
3421103,UK_FI4
3362305,UK_FI5
3421104,UK_FI5
3362297,UK_FI6
3421105,UK_FI6_rep1
3421106,UK_FI6_rep2
3226478,UK_FI7
3421108,UK_FI8
3421109,UK_FI9
3362727,UK_FK10
3362735,UK_FK11
3362743,UK_FK13
3362751,UK_FK15
3363321,UK_FK15
3362759,UK_FK16
3362767,UK_FK17
3362775,UK_FK18
3362783,UK_FK19
3362791,UK_FK20
3362799,UK_FK21
3362712,UK_FK22
3362720,UK_FK25
3362728,UK_FK26
3362782,UK_FK5
3362790,UK_FK6
3362798,UK_FK7
3362719,UK_FK9
3363333,UK_FpM1
3362953,UK_FpM1
3362539,UK_GA101
3363307,UK_GA102
3362547,UK_GA102
3362555,UK_GA104
3362563,UK_GA105
3362571,UK_GA106
3362579,UK_GA107
3362587,UK_GA108
3362595,UK_GA109
3362603,UK_GA110
3362524,UK_GA111
3362532,UK_GA113
3362540,UK_GA114
3362548,UK_GA115
3363308,UK_GA115
3362556,UK_GA116
3362564,UK_GA117
3362572,UK_GA118
3362580,UK_GA119
3362588,UK_GA120
3362596,UK_GA121
3362604,UK_GA122
3362358,UK_GO1
3421050,UK_GO10
3421051,UK_GO11
3421052,UK_GO12
3226418,UK_GO12
3421146,UK_GO13
3226426,UK_GO13
3226434,UK_GO14
3226513,UK_GO14
3421055,UK_GO15
3421056,UK_GO16
3226458,UK_GO17
3421058,UK_GO18
3421059,UK_GO19
3362366,UK_GO2
3226482,UK_GO20
3362374,UK_GO3
3362382,UK_GO4
3362390,UK_GO5
3362398,UK_GO6
3362406,UK_GO7
3362414,UK_GO8
3363174,UK_GO9
3362266,UK_HM1
3363140,UK_HiR1
3363117,UK_HiR10
3363125,UK_HiR11
3363133,UK_HiR12
3363141,UK_HiR13
3363149,UK_HiR14
3363157,UK_HiR15
3363165,UK_HiR16
3363355,UK_HiR16
3363173,UK_HiR17
3363094,UK_HiR18
3363102,UK_HiR19
3363148,UK_HiR2
3363110,UK_HiR20
3363118,UK_HiR22
3363126,UK_HiR23
3363134,UK_HiR24
3363142,UK_HiR25
3363182,UK_HiR26
3363190,UK_HiR27
3363198,UK_HiR28
3363156,UK_HiR3
3363164,UK_HiR4
3363354,UK_HiR4
3363172,UK_HiR5
3363180,UK_HiR6
3363093,UK_HiR7
3363101,UK_HiR8
3363109,UK_HiR9
3363246,UK_HoH1
3363223,UK_HoH10
3363231,UK_HoH11
3363254,UK_HoH2
3363357,UK_HoH3
3363262,UK_HoH3
3363270,UK_HoH4
3363183,UK_HoH5
3363191,UK_HoH6
3363199,UK_HoH7
3363207,UK_HoH8
3363215,UK_HoH9
3362473,UK_Hoy1.1
3362426,UK_Hoy1.2
3362291,UK_Hoy10
3362497,UK_Hoy11
3362481,UK_Hoy12
3362299,UK_Hoy13
3362434,UK_Hoy14
3362489,UK_Hoy15
3362307,UK_Hoy16
3362465,UK_Hoy17
3388234,UK_Hoy2
3362267,UK_Hoy2
3362442,UK_Hoy3
3363297,UK_Hoy3
3362513,UK_Hoy4
3362275,UK_Hoy5
3362457,UK_Hoy6
3362505,UK_Hoy7
3362283,UK_Hoy8
3362449,UK_Hoy9
3362543,UK_IN1
3363303,UK_IN1
3362551,UK_IN2
3362559,UK_IN3
3362567,UK_IN4
3362575,UK_IN5
3362583,UK_IN6
3362450,UK_JuC1
3362458,UK_JuC2
3363281,UK_JuC3
3362466,UK_JuC4
3362474,UK_JuC5
3362482,UK_JuC6
3362321,UK_KFI19
3362234,UK_KFI20
3363279,UK_KFI20
3362242,UK_KFI21
3362250,UK_KFI22
3362288,UK_LM1
3362296,UK_LM2
3388236,UK_LM2
3362312,UK_LM374
3421075,UK_LM375
3226420,UK_LM376
3226499,UK_LM376
3421153,UK_LM377
3226428,UK_LM377
3226436,UK_LM378
3421154,UK_LM378
3362304,UK_LM379
3421079,UK_LM380
3421080,UK_LM381
3421081,UK_LM382
3421082,UK_LM383
3421083,UK_LM384
3362687,UK_Lam1
3362664,UK_Lam10
3362672,UK_Lam11
3362680,UK_Lam12
3362688,UK_Lam13
3362696,UK_Lam15
3362704,UK_Lam16
3362617,UK_Lam17
3362625,UK_Lam18
3362633,UK_Lam19
3362695,UK_Lam2
3362641,UK_Lam20
3362649,UK_Lam21
3363314,UK_Lam21
3362703,UK_Lam3
3362616,UK_Lam4
3362624,UK_Lam5
3362632,UK_Lam6
3362640,UK_Lam7
3363313,UK_Lam8
3362648,UK_Lam8
3362656,UK_Lam9
3362582,UK_MB2
3362590,UK_MB3
3362598,UK_MB4
3362606,UK_MB5
3362519,UK_MB6
3362527,UK_MB7
3362535,UK_MB8
3421115,UK_MR1
3226424,UK_MR10
3226503,UK_MR10
3421165,UK_MR11
3421125,UK_MR11
3226432,UK_MR11
3226440,UK_MR12
3421126,UK_MR12
3421166,UK_MR12
3226448,UK_MR13
3421128,UK_MR14
3226464,UK_MR15
3421130,UK_MR16
3226480,UK_MR17
3226488,UK_MR18
3388235,UK_MR19_rep1
3362274,UK_MR19_rep1
3362282,UK_MR19_rep2
3421116,UK_MR2
3362290,UK_MR22
3421117,UK_MR3
3421118,UK_MR4
3226479,UK_MR5
3421120,UK_MR6
3421121,UK_MR7
3421122,UK_MR8
3421123,UK_MR9
3362817,UK_MaT1
3362881,UK_MaT10
3362889,UK_MaT11
3362825,UK_MaT2
3362833,UK_MaT3
3362841,UK_MaT4
3362849,UK_MaT5
3362857,UK_MaT6
3363332,UK_MaT6
3362865,UK_MaT7
3362873,UK_MaT9
3362320,UK_MoG365
3362233,UK_MoG366
3363278,UK_MoG366
3362241,UK_MoG367
3362377,UK_OV41_rep1
3362385,UK_OV41_rep2
3362393,UK_OV42
3362401,UK_OV43
3362409,UK_OV44
3362417,UK_OV45
3362330,UK_OV46
3362338,UK_OV47
3363288,UK_OV47
3362346,UK_OV48
3362354,UK_OV49
3362362,UK_OV50
3362370,UK_OV51
3362378,UK_OV52
3362386,UK_OV53
3362394,UK_OV54
3362402,UK_OV55
3362410,UK_OV56
3362418,UK_OV57
3363289,UK_OV59
3362339,UK_OV59
3362347,UK_OV60
3362355,UK_OV61
3362363,UK_OV62
3362371,UK_OV63
3362364,UK_PB74_rep1
3362372,UK_PB74_rep2
3362380,UK_PB75
3362388,UK_PB76
3362396,UK_PB77
3362404,UK_PB78
3362412,UK_PB79
3362420,UK_PB80_1
3362333,UK_PB80_2
3363291,UK_PB80_3
3362341,UK_PB80_3
3362349,UK_PB81_1
3362357,UK_PB81_2
3362365,UK_PB81_3
3362373,UK_PB82
3362381,UK_PB83
3362389,UK_PB84
3362397,UK_PB85
3362405,UK_PB86
3362413,UK_PB87
3363356,UK_PB88
3363166,UK_PB88
3362334,UK_PB89
3363292,UK_PB90
3362342,UK_PB90
3362350,UK_PB91
3362591,UK_PD1
3362552,UK_PD10
3362560,UK_PD12
3362568,UK_PD13
3362576,UK_PD14
3362584,UK_PD15
3362592,UK_PD16
3362600,UK_PD17
3362608,UK_PD18
3362521,UK_PD19
3362599,UK_PD2
3362529,UK_PD20
3362537,UK_PD21
3363305,UK_PD22
3362545,UK_PD22
3362553,UK_PD23
3362607,UK_PD3
3362520,UK_PD6
3362528,UK_PD7
3362536,UK_PD8
3363304,UK_PD9
3362544,UK_PD9
3362327,UK_PR11
3362335,UK_PR12
3363285,UK_PR12
3362343,UK_PR13
3362351,UK_PR14
3362359,UK_PR15
3362367,UK_PR16
3362375,UK_PR17
3362383,UK_PR18
3362391,UK_PR19
3362399,UK_PR20
3362407,UK_PR21
3421134,UK_RH1
3226481,UK_RH10
3226489,UK_RH11
3362422,UK_RH12
3362446,UK_RH13
3362430,UK_RH14
3362462,UK_RH19
3421135,UK_RH2
3362454,UK_RH20
3362438,UK_RH21
3363293,UK_RH21
3362786,UK_RH22
3362794,UK_RH25
3362322,UK_RH26
3226504,UK_RH3
3226425,UK_RH3
3421137,UK_RH4
3226433,UK_RH4
3226520,UK_RH5
3226441,UK_RH5
3421139,UK_RH6
3226457,UK_RH7
3226465,UK_RH8
3421142,UK_RH9
3362379,UK_SB64
3362387,UK_SB65
3362395,UK_SB66
3362403,UK_SB67
3362411,UK_SB68
3362419,UK_SB69
3362332,UK_SB70
3363290,UK_SB71
3362340,UK_SB71
3362348,UK_SB72
3362356,UK_SB73
3362314,UK_SCS1
3362961,UK_SlS1
3362906,UK_SlS2
3362315,UK_Str1
3362323,UK_Str2
3363318,UK_TF1
3362748,UK_TF1
3362725,UK_TF10
3362733,UK_TF11
3362741,UK_TF12
3363319,UK_TF13
3362749,UK_TF13
3362757,UK_TF14
3362765,UK_TF15
3362773,UK_TF16
3362781,UK_TF17
3362789,UK_TF18
3362756,UK_TF2
3362764,UK_TF3
3362772,UK_TF4
3362780,UK_TF5
3362788,UK_TF6
3362796,UK_TF7
3362709,UK_TF8
3362717,UK_TF9
3362235,UK_TRS1
3363280,UK_TRS1
3362423,UK_TRS10
3362510,UK_TRS11
3362502,UK_TRS12
3362494,UK_TRS13
3362486,UK_TRS14
3362478,UK_TRS15
3362470,UK_TRS16
3362495,UK_TRS2
3362487,UK_TRS3
3362479,UK_TRS4
3362471,UK_TRS5
3362463,UK_TRS6.1
3362455,UK_TRS6.2
3362447,UK_TRS7
3362439,UK_TRS8
3363294,UK_TRS8
3362431,UK_TRS9
3362723,UK_TY1
3362795,UK_TY10
3362731,UK_TY2
3362708,UK_TY20
3362716,UK_TY21
3362724,UK_TY22
3362732,UK_TY23
3362740,UK_TY24
3362739,UK_TY3
3362747,UK_TY4
3363317,UK_TY4
3362755,UK_TY5
3362763,UK_TY6
3362771,UK_TY7
3362779,UK_TY8
3362787,UK_TY9
3362694,UK_WW10
3362614,UK_WW1_rep1
3362622,UK_WW1_rep2
3362630,UK_WW2
3362638,UK_WW3
3362631,UK_WW341
3362623,UK_WW342
3362615,UK_WW343
3362702,UK_WW377
3363311,UK_WW4
3362646,UK_WW4
3362679,UK_WW410
3362671,UK_WW412
3362663,UK_WW413
3362655,UK_WW421
3362647,UK_WW425
3363312,UK_WW425
3362639,UK_WW428
3362654,UK_WW5
3362662,UK_WW6
3362670,UK_WW7
3362678,UK_WW8
3362686,UK_WW9
3362298,UK_WeS1
3362306,UK_WeS2
3363206,UK_Whd1
3363214,UK_Whd2
3363222,UK_Whd3
3363230,UK_Whd4
3363238,UK_Whd5
3362770,US_BPC1
3362303,US_FbA2_rep1
3362311,US_FbA2_rep2
3362921,US_FbA31
3362929,US_FbA35
3362897,US_FbA7
3362905,US_FbA8
3362913,US_FbA9
